date,fajr_start,zuhr_start,asr_start,maghrib,isha_start,notes
2026-10-01,05:55,12:58,16:49,18:48,20:03,
2026-10-02,05:56,12:57,16:47,18:45,20:00,Jumuah: 13:30 / 14:30 / 16:00
2026-10-03,05:58,12:57,16:45,18:43,19:58,
2026-10-04,06:00,12:57,16:43,18:41,19:56,
2026-10-05,06:02,12:56,16:41,18:38,19:53,
2026-10-06,06:03,12:56,16:38,18:36,19:51,
2026-10-07,06:05,12:56,16:36,18:34,19:49,
2026-10-08,06:07,12:55,16:34,18:31,19:46,
2026-10-09,06:08,12:55,16:32,18:29,19:44,Jumuah: 13:30 / 14:30 / 16:00
2026-10-10,06:10,12:55,16:30,18:27,19:42,
2026-10-11,06:12,12:55,16:28,18:25,19:40,
2026-10-12,06:14,12:54,16:26,18:22,19:37,
2026-10-13,06:15,12:54,16:24,18:20,19:35,
2026-10-14,06:17,12:54,16:22,18:18,19:33,
2026-10-15,06:19,12:54,16:20,18:16,19:31,
2026-10-16,06:20,12:53,16:18,18:13,19:28,Jumuah: 13:30 / 14:30 / 16:00
2026-10-17,06:22,12:53,16:16,18:11,19:26,
2026-10-18,06:24,12:53,16:14,18:09,19:24,
2026-10-19,06:25,12:53,16:12,18:07,19:22,
2026-10-20,06:27,12:53,16:10,18:05,19:20,
2026-10-21,06:29,12:53,16:08,18:03,19:18,
2026-10-22,06:30,12:53,16:06,18:01,19:16,
2026-10-23,06:32,12:52,16:04,17:58,19:13,Jumuah: 13:30 / 14:30 / 16:00
2026-10-24,06:34,12:52,16:03,17:56,19:11,
2026-10-25,05:35,11:52,15:01,16:54,18:09,
2026-10-26,05:37,11:52,14:59,16:52,18:07,
2026-10-27,05:39,11:52,14:57,16:50,18:05,
2026-10-28,05:40,11:52,14:55,16:48,18:03,
2026-10-29,05:42,11:52,14:53,16:46,18:01,
2026-10-30,05:44,11:52,14:51,16:44,17:59,Jumuah: 12:30 / 13:30
2026-10-31,05:45,11:52,14:50,16:43,17:58,
